,매장명,위도,경도,매장타입,주소,전화번호
0,역삼아레나빌딩,37.501087,127.043069,pin_general,서울특별시 강남구 언주로 425 (역삼동),1522-3232
1,논현역사거리,37.510178,127.022223,pin_general,서울특별시 강남구 강남대로 538 (논현동),1522-3232
2,신사역성일빌딩,37.5139309,127.0206057,pin_general,서울특별시 강남구 강남대로 584 (논현동),1522-3232
3,국기원사거리,37.499517,127.031495,pin_general,서울특별시 강남구 테헤란로 125 (역삼동),1522-3232
4,대치재경빌딩,37.494668,127.062583,pin_general,서울특별시 강남구 남부순환로 2947 (대치동),1522-3232
5,봉은사역,37.515000,127.063196,pin_general,서울특별시 강남구 봉은사로 619 (삼성동),1522-3232
6,압구정윤성빌딩,37.5227934,127.0286009,pin_general,서울특별시 강남구 논현로 834 (신사동),1522-3232
7,코엑스별마당,37.510150,127.060275,pin_general,서울특별시 강남구 영동대로 513 (삼성동),1522-3232
8,삼성역섬유센터R,37.507750,127.060651,pin_reserve,서울특별시 강남구 테헤란로 518 (대치동),1522-3232
9,압구정R,37.5273669,127.033061,pin_reserve,서울특별시 강남구 언주로 861 (신사동),1522-3232
10,수서역R,37.488008,127.102650,pin_reserve,서울특별시 강남구 광평로 281 (수서동),1522-3232
11,양재강남빌딩R,37.485192,127.036685,pin_reserve,서울특별시 강남구 남부순환로 2621 (도곡동),1522-3232
12,선릉동신빌딩R,37.505321,127.050409,pin_reserve,서울특별시 강남구 테헤란로 409 (삼성동),1522-3232
13,봉은사로선정릉,37.511293,127.048409,pin_general,서울특별시 강남구 봉은사로 446 (삼성동),1522-3232
14,강남오거리,37.502117,127.026672,pin_general,서울특별시 강남구 봉은사로2길 39 (역삼동),1522-3232
15,스타필드코엑스몰R,37.50999,127.061455,pin_reserve,서울특별시 강남구 영동대로 513 (삼성동) 코엑스 A106호,1522-3232
16,강남구청정문,37.518181,127.045995,pin_general,서울특별시 강남구 학동로 419 (청담동),1522-3232
17,도곡공원,37.492805,127.041309,pin_general,서울특별시 강남구 도곡로 205 (역삼동),1522-3232
18,강남R,37.497711,127.028439,pin_reserve,서울특별시 강남구 강남대로 390 (역삼동),1522-3232
19,대치은마사거리,37.498973,127.060172,pin_general,서울특별시 강남구 도곡로 457 (대치동),1522-3232
20,청담영동대로,37.522156,127.056449,pin_general,서울특별시 강남구 영동대로 720 (청담동),1522-3232
21,압구정,37.526283,127.02956,pin_general,서울특별시 강남구 압구정로30길 17 (신사동),1522-3232
22,신사가로수,37.521933,127.022521,pin_general,서울특별시 강남구 가로수길 59 ,1522-3232
23,청담스타R,37.525216,127.041827,pin_reserve,서울특별시 강남구 도산대로57길 24 (청담동),1522-3232
24,강남우성,37.492396,127.03091,pin_general,서울특별시 강남구 강남대로 328 (역삼동),1522-3232
25,학동사거리,37.52236449999999,127.03795430000002,pin_general,서울특별시 강남구 도산대로 328 (논현동),1522-3232
26,대치사거리,37.503331,127.058817,pin_general,서울특별시 강남구 삼성로 402 (대치동),1522-3232
27,포스코사거리,37.5075307,127.05742710000004,pin_general,서울특별시 강남구 테헤란로 505 (삼성동) 화진빌딩,1522-3232
28,을지병원사거리,37.5191632,127.0286446,pin_general,"서울특별시 강남구 논현로 752 (논현동,구산빌딩)",1522-3232
29,신사역,37.5162021,127.0207428,pin_general,서울특별시 강남구 도산대로 108 (논현동) 렉스타워,1522-3232
30,도곡역,37.492167,127.057398,pin_general,서울특별시 강남구 남부순환로 2909 (대치동),1522-3232
31,서울세관사거리,37.514887,127.035653,pin_general,서울특별시 강남구 언주로 650 (논현동) 한국건설기술인협회,1522-3232
32,청담사거리,37.5236351,127.04686509999999,pin_general,서울특별시 강남구 도산대로 458 (청담동) 리츠타워,1522-3232
33,한티역,37.496801,127.055055,pin_general,"서울특별시 강남구 도곡로 408, 디마크빌딩 101호 (대치동)",1522-3232
34,역삼초교사거리,37.4941059,127.03299730000003,pin_general,서울특별시 강남구 역삼로 123 (역삼동),1522-3232
35,코엑스몰,37.513715,127.059245,pin_general,서울특별시 강남구 영동대로 513 (삼성동) O103호,1522-3232
36,가로수길,37.5231593,127.02162499999997,pin_general,"서울특별시 강남구 논현로175길 94, 1~2층 (신사동)",1522-3232
37,역삼대로,37.501623,127.039375,pin_general,"서울특별시 강남구 테헤란로 211, 한국고등교육재단빌딩 1층 (역삼동)",1522-3232
38,역삼포스코,37.499721,127.033582,pin_general,"서울특별시 강남구 테헤란로 134, P&amp;S TOWER (역삼동)",1522-3232
39,강남대로,37.50314,127.025546,pin_general,"서울특별시 강남구 강남대로 456, 한석타워 2층 1-2호 (역삼동)",1522-3232
40,청담,37.5243631,127.05155990000003,pin_general,"서울특별시 강남구 도산대로 532, 인희빌딩 1층 (청담동)",1522-3232
41,삼성도심공항,37.5097863,127.05791339999996,pin_general,서울특별시 강남구 테헤란로87길 33 (삼성동),1522-3232
42,삼성교,37.507794,127.06517,pin_general,"서울특별시 강남구 영동대로86길 12, 동남유화빌딩 1층",1522-3232
43,학동역,37.51464884,127.0307302,pin_general,서울특별시 강남구 논현로 704 (논현동),1522-3232
44,대치,37.49966175,127.0622171,pin_general,서울특별시 강남구 도곡로 511 (대치동),1522-3232
45,신세계푸드마켓도곡,37.490298,127.054895,pin_general,"서울특별시 강남구 언주로30길 57, 타워팰리스Ⅱ F 지하1층 (도곡동)",1522-3232
46,삼성,37.50703529,127.0555503,pin_general,"서울특별시 강남구 테헤란로 443, 애플트리타워 1층 (삼성동)",1522-3232
47,선릉세화빌딩,37.50377562,127.051196,pin_general,서울특별시 강남구 테헤란로64길 18 (대치동) 1층,1522-3232
48,압구정역,37.52674095,127.0281105,pin_general,"서울특별시 강남구 압구정로 170, 관영빌딩 1층 지하1층 (신사동)",1522-3232
49,압구정로,37.52680046,127.0347174,pin_general,서울특별시 강남구 압구정로42길 32 (신사동),1522-3232
50,구역삼사거리,37.49592355,127.0388645,pin_general,서울특별시 강남구 논현로 401 (역삼동),1522-3232
51,큰길타워,37.50236693,127.0407,pin_general,"서울특별시 강남구 테헤란로 223, 큰길타워빌딩 (역삼동)",1522-3232
52,강남구청역,37.5165849,127.04124330000002,pin_general,"서울특별시 강남구 선릉로 669, 웰빙센터 1층 (논현동)",1522-3232
53,대치역,37.493554,127.061874,pin_general,서울특별시 강남구 남부순환로 2936 (대치동) 107호,1522-3232
54,포이,37.47781106,127.0451411,pin_general,서울특별시 강남구 논현로 88 (개포동),1522-3232
55,아크플레이스,37.49971982,127.0349084,pin_general,서울특별시 강남구 테헤란로 142 (역삼동),1522-3232
56,학여울역,37.49803646,127.0684943,pin_general,서울특별시 강남구 영동대로 215 (대치동),1522-3232
57,선정릉역,37.51075489999999,127.04455970000003,pin_general,서울특별시 강남구 봉은사로 407 (삼성동) 에프오빌딩,1522-3232
58,삼성현대힐,37.51354184,127.0527183,pin_general,서울특별시 강남구 삼성로 605 (삼성동),1522-3232
59,GS타워,37.5018592,127.03727759999992,pin_general,서울특별시 강남구 논현로 508 (역삼동),1522-3232
60,압구정미소,37.52405601,127.027915,pin_general,서울특별시 강남구 논현로 841 (신사동),1522-3232
61,선릉역,37.50393894,127.0485135,pin_general,"서울특별시 강남구 테헤란로 334, LG화재 빌딩 (역삼동)",1522-3232
62,코엑스사거리,37.515351,127.060109,pin_general,서울특별시 강남구 영동대로 616 (삼성동),1522-3232
63,역삼럭키,37.492209,127.039389,pin_general,서울특별시 강남구 도곡로 183 (역삼동),1522-3232
64,신압구정,37.528115,127.036441,pin_general,서울특별시 강남구 언주로174길 29 (신사동),1522-3232
65,아크로힐스논현,37.50898041,127.0403869,pin_general,"서울특별시 강남구 봉은사로 304, 금강빌딩 1-2층 (역삼동)",1522-3232
66,강남비젼타워,37.4964557,127.02968850000002,pin_general,"서울특별시 강남구 테헤란로2길 27, 1층 101호 (역삼동)",1522-3232
67,압구정로데오역,37.526549,127.040437,pin_general,"서울특별시 강남구 선릉로 836, 삼원빌딩 1,2층 (청담동)",1522-3232
68,르네상스사거리,37.502721,127.044308,pin_general,서울특별시 강남구 테헤란로 306 (역삼동),1522-3232
69,포스코,37.50576,127.057966,pin_general,"서울특별시 강남구 삼성로86길 7, 1층 (대치동)",1522-3232
70,선릉로,37.505053,127.046577,pin_general,"서울특별시 강남구 선릉로93길 22, 대흥빌딩 1층 (역삼동)",1522-3232
71,논현힐탑,37.5115577,127.03226199999994,pin_general,서울특별시 강남구 논현로 648 (논현동),1522-3232
72,도산가로수길,37.51736229999999,127.02329570000006,pin_general,"서울특별시 강남구 도산대로 134, 2층 (논현동)",1522-3232
73,대치한티,37.4984818,127.052066,pin_general,서울특별시 강남구 선릉로 324 (대치동),1522-3232
74,개포동,37.4828551359882,127.0607152444621,pin_general,서울특별시 강남구 선릉로 34 (개포동),1522-3232
75,수서역사거리,37.4873267937748,127.103140081887,pin_general,서울특별시 강남구 광평로 280 (수서동),1522-3232
76,코엑스아셈타워,37.513019,127.059838,pin_general,서울특별시 강남구 영동대로 517 (삼성동),1522-3232
77,센터필드R,37.50369465391196,127.04172081609172,pin_reserve,서울특별시 강남구 테헤란로 231 (역삼동),1522-3232
78,도산사거리,37.51966,127.0341,pin_general,서울특별시 강남구 언주로 727 (논현동),1522-3232
79,강남세곡,37.467274319644,127.099929726,pin_general,서울특별시 강남구 헌릉로569길 18 (세곡동),1522-3232
80,대치삼성,37.500313,127.066961,pin_general,서울특별시 강남구 영동대로 237 (대치동),1522-3232
81,언주역,37.507775,127.036472,pin_general,서울특별시 강남구 봉은사로 222 (역삼동),1522-3232
82,강남역신분당역사,37.4970572543978,127.028180714381,pin_general,서울특별시 강남구 강남대로 396 (역삼동),1522-3232
83,삼성역,37.509206962541256,127.06560851480327,pin_general,서울특별시 강남구 테헤란로 620 (대치동),1522-3232
84,테헤란로아남타워,37.50383,127.04487,pin_general,서울특별시 강남구 테헤란로 311 (역삼동),1522-3232
85,강남논현,37.5078978596254,127.023338614644,pin_general,서울특별시 강남구 강남대로 512 (논현동),1522-3232
86,삼성동,37.510843366121534,127.06363342044263,pin_general,서울특별시 강남구 영동대로96길 12 (삼성동),1522-3232
87,청담역,37.5194407323478,127.049552661542,pin_general,서울특별시 강남구 삼성로 709 (청담동),1522-3232
88,압구정현대아파트,37.52521971236768,127.0256601858147,pin_general,서울특별시 강남구 논현로175길 38 (신사동),1522-3232
89,역삼이마트,37.499367,127.048425,pin_general,서울특별시 강남구 역삼로 310 (역삼동),1522-3232
90,강남세곡DT,37.466993809277,127.118330806807,pin_generalDT,서울특별시 강남구 헌릉로 727 (세곡동),1522-3232
91,미아뉴타운,37.618319,127.021072,pin_general,서울특별시 강북구 삼양로 161 (미아동),1522-3232
92,강북구청사거리,37.6400354,127.0273766,pin_general,서울특별시 강북구 도봉로 365 (수유동),1522-3232
93,미아사거리역,37.611809,127.0306971,pin_general,서울특별시 강북구 도봉로 32 (미아동),1522-3232
94,수유역,37.6380167,127.02613500000007,pin_general,서울특별시 강북구 도봉로 342 (번동),1522-3232
95,미아역,37.626148,127.026578,pin_general,서울특별시 강북구 도봉로 196 (미아동),1522-3232
96,파라스파라서울,37.664380074618,127.008566467101,pin_general,서울특별시 강북구 삼양로 689 (우이동) 파라스파라서울 지하1층,1522-3232
97,발산역사거리,37.558509,126.835096,pin_general,서울특별시 강서구 공항대로 248 (마곡동),1522-3232
98,마곡역,37.559611,126.826298,pin_general,서울특별시 강서구 공항대로 168 (마곡동),1522-3232
99,우장산역,37.549501,126.835984,pin_general,서울특별시 강서구 강서로 267 (내발산동),1522-3232
100,마곡사이언스타워R,37.5605261,126.833887,pin_reserve,서울특별시 강서구 마곡동로 62 (마곡동),1522-3232
101,방화DT,37.574339,126.816415,pin_generalDT,서울특별시 강서구 방화대로 375 (방화동),1522-3232
102,마곡나루역,37.56813,126.82614,pin_general,서울특별시 강서구 마곡중앙로 161-17 (마곡동),1522-3232
103,마곡GMG,37.560487,126.829667,pin_general,"서울특별시 강서구 마곡중앙6로 16 (마곡동) 117,118,119,120호",1522-3232
104,가양역,37.561640,126.853327,pin_general,서울특별시 강서구 양천로 476 (등촌동),1522-3232
105,화곡DT,37.535149,126.863232,pin_generalDT,서울특별시 강서구 등촌로 57 (화곡동),1522-3232
106,양천향교역,37.566964,126.840731,pin_general,서울특별시 강서구 강서로 463 (마곡동),1522-3232
107,화곡동,37.5405115,126.8372413,pin_general,서울특별시 강서구 화곡로 142(화곡동),1522-3232
108,등촌,37.5582043,126.84433919999992,pin_general,서울특별시 강서구 공항대로 329 (등촌동),1522-3232
109,염창역,37.547359,126.874436,pin_general,서울특별시 강서구 공항대로 627 (염창동),1522-3232
110,발산역,37.56033,126.839279,pin_general,서울특별시 강서구 강서로 388 (등촌동) 그랜드마트,1522-3232
111,까치산역,37.532303,126.846077,pin_general,서울특별시 강서구 강서로13길 3 (화곡동),1522-3232
112,발산역5번출구,37.5579224739977,126.84054030692,pin_general,"서울특별시 강서구 강서로52길 43 (내발산동, DH647), 1층 일부",1522-3232
113,화곡역8번출구,37.542514,126.839062,pin_general,"서울특별시 강서구 강서로 179 (화곡동), 1층 일부",1522-3232
114,강서우장산,37.546305,126.835923,pin_general,"서울특별시 강서구 강서로 231 (화곡동, 우장산역 해링턴 타워), 116/117/118/119/120호",1522-3232
115,등촌대로,37.55101,126.86638,pin_general,"서울특별시 강서구 공항대로 543 (염창동, 센터스퀘어)",1522-3232
116,가양역사거리,37.56007,126.855372,pin_general,"서울특별시 강서구 화곡로 416 (등촌동) 가양더스카이벨리5차 지식산업센터 101, 102, 114,~117호",1522-3232
117,내발산,37.55467,126.83672,pin_general,"서울특별시 강서구 강서로 323 (내발산동), 101/102호",1522-3232
118,마곡웰튼,37.56754,126.82553,pin_general,"서울특별시 강서구 마곡중앙5로 22 (마곡동), 104/105/106호",1522-3232
119,김포공항DT,37.566396,126.80608,pin_generalDT,서울특별시 강서구 개화동로 517 (방화동),1522-3232
120,강서NC,37.560088,126.840534,pin_general,서울특별시 강서구 강서로56길 17 (등촌동),1522-3232
121,마곡나루공원,37.567007,126.822246,pin_general,서울특별시 강서구 마곡중앙5로 47 (마곡동),1522-3232
122,송정역,37.56097361346,126.811557734972,pin_general,"서울특별시 강서구 공항대로 38 (공항동), 1층 일부",1522-3232
123,강서구청사거리,37.5549266,126.8523133,pin_general,서울특별시 강서구 화곡로 350 (화곡동),1522-3232
124,낙성대역,37.477946,126.961193,pin_general,서울특별시 관악구 남부순환로 1908 (봉천동),1522-3232
125,관악서울대입구R,37.479343,126.95278,pin_reserve,서울특별시 관악구 관악로 158 (봉천동),1522-3232
126,신림DT,37.480935,126.908407,pin_generalDT,서울특별시 관악구 남부순환로 1419 (신림동),1522-3232
127,서울대역,37.481599,126.9522,pin_general,서울특별시 관악구 남부순환로 1817 (봉천동),1522-3232
128,낙성대DT,37.476169,126.965005,pin_generalDT,서울특별시 관악구 남부순환로 1948 (봉천동),1522-3232
129,사당,37.47601,126.980997,pin_general,서울특별시 관악구 남부순환로 2082-25,1522-3232
130,보라매대교,37.491449,126.925432,pin_general,서울특별시 관악구 보라매로3길 23 (봉천동) 1층,1522-3232
131,신림,37.48609493,126.9291602,pin_general,서울특별시 관악구 신림로 355-1 (신림동),1522-3232
132,신림타임스트림,37.48385383,126.9301799,pin_general,서울특별시 관악구 신림로 330 타임스트림 1층,1522-3232
133,서울대입구역,37.48118,126.951324,pin_general,서울특별시 관악구 남부순환로 1812 (봉천동),1522-3232
134,서울대입구역8번출구,37.4812061,126.9536942,pin_general,서울특별시 관악구 남부순환로 1831 (봉천동),1522-3232
135,봉천역,37.4820375340064,126.942287792538,pin_general,서울특별시 관악구 남부순환로 1730 (봉천동),1522-3232
136,건국대,37.5415592,127.0711244,pin_general,서울특별시 광진구 능동로 117 (화양동),1522-3232
137,어린이대공원역,37.551946,127.076404,pin_general,서울특별시 광진구 능동로 243 (군자동),1522-3232
138,아차산역,37.5505388,127.0898757,pin_general,서울특별시 광진구 천호대로 676 (구의동),1522-3232
139,올림픽대교북단,37.541129,127.09524,pin_general,서울특별시 광진구 광나루로 608 (구의동),1522-3232
140,구의DT,37.5451984,127.0871587,pin_generalDT,서울특별시 광진구 광나루로 519 (구의동),1522-3232
141,자양사거리,37.5371158,127.0825821,pin_general,서울특별시 광진구 아차산로 355,1522-3232
142,군자역,37.556965,127.079032,pin_general,서울특별시 광진구 천호대로 548 (군자동) 중앙빌딩,1522-3232
143,광나루,37.547442,127.105934,pin_general,"서울특별시 광진구 아차산로 607, 1,2층 (광장동)",1522-3232
144,건대스타시티,37.538544,127.073009,pin_general,서울특별시 광진구 아차산로 262 (자양동),1522-3232
145,건대입구,37.5406604,127.07072249999999,pin_general,서울특별시 광진구 능동로 107 (화양동),1522-3232
146,구의역,37.53698,127.084015,pin_general,서울특별시 광진구 아차산로 373 (구의동),1522-3232
147,광장,37.542518,127.099651,pin_general,서울특별시 광진구 아차산로 537-17 (광장동),1522-3232
148,건국클래식,37.538466,127.071271,pin_general,서울특별시 광진구 능동로 90 (자양동) 더 클래식500,1522-3232
149,건대후문,37.5460180138476,127.074001181744,pin_general,서울특별시 광진구 능동로 172 (화양동),1522-3232
150,중곡역,37.5650109508732,127.08459679908,pin_general,"서울특별시 광진구 능동로 400 (중곡동) 1층 108,109,110,111,112,118 6개호실",1522-3232
151,자양이마트,37.537817,127.072597,pin_general,서울특별시 광진구 아차산로 272 (자양동) 지하1층,1522-3232
152,자양역,37.532684640479,127.067878503557,pin_general,"서울특별시 광진구 능동로 18 (자양동, 이튼타워리버3차)",1522-3232
153,화양삼거리,37.547726,127.071217,pin_general,서울특별시 광진구 광나루로 374 (화양동),1522-3232
154,군자사거리,37.5575666,127.079334,pin_general,서울특별시 광진구 천호대로 549 (중곡동) 1층,1522-3232
155,금천구청역,37.455983,126.895727,pin_general,"서울특별시 금천구 시흥대로73길 67 (시흥동), 엠메디컬타워 1층",1522-3232
156,가산에스케이,37.48061318,126.8805702,pin_general,"서울특별시 금천구 가산디지털1로 171 (가산동), SK V1센터 1층",1522-3232
157,독산사거리,37.471528328745485,126.89856062315228,pin_general,서울특별시 금천구 시흥대로 426 (독산동),1522-3232
158,금천시흥,37.448624,126.903183,pin_general,서울특별시 금천구 시흥대로 164 (시흥동),1522-3232
159,가산디지털단지역,37.481324,126.883779,pin_general,"서울특별시 금천구 벚꽃로 298 (가산동), 대륭포스트타워 6차 1층",1522-3232
160,금천독산,37.46914,126.895246,pin_general,서울특별시 금천구 두산로 70 (독산동),1522-3232
161,가산디지털,37.4798346,126.88249969999992,pin_general,"서울특별시 금천구 가산디지털1로 168 (가산동), 우림라이온스밸리 B동 1층",1522-3232
162,마리오아울렛,37.478701,126.885076,pin_general,서울특별시 금천구 벚꽃로 266 마리오아울렛3관,1522-3232
163,가산브이타워,37.477221,126.883683,pin_general,"서울특별시 금천구 가산디지털1로 128 (가산동), V-TOWER 1층",1522-3232
164,가산그레이트,37.4794491,126.88747680000006,pin_general,"서울특별시 금천구 디지털로9길 32, 갑을그레이트밸리 1층 (가산동)",1522-3232
165,독산역,37.4676446,126.8876698,pin_general,"서울특별시 금천구 가산디지털1로 16 (가산동), 107-2, 108, 109호",1522-3232
166,가산현대아울렛,37.477581,126.888603,pin_general,"서울특별시 금천구 디지털로10길 9 (가산동), 1층 일부",1522-3232
167,가산케이에스,37.4807071377614,126.885099760167,pin_general,"서울특별시 금천구 벚꽃로36길 30 (가산동), 가산KS타워 1층",1522-3232
168,월계역,37.6295,127.0574,pin_general,"서울특별시 노원구 초안산로2라길26 월계동(104,105,106호)",1522-3232
169,월계트레이더스,37.6277053,127.06149779999998,pin_general,서울특별시 노원구 마들로3길 15 (월계동),1522-3232
170,상계초교사거리,37.656776,127.066442,pin_general,서울특별시 노원구 노원로 449 (상계동),1522-3232
171,공릉DT,37.6206884,127.0743116,pin_generalDT,서울특별시 노원구 동일로 1015 (공릉동),1522-3232
172,노원마들역,37.660941,127.058008,pin_general,"서울특별시 노원구 노원로 569 (상계동, 임광아파트)",1522-3232
173,공릉역,37.626337,127.072252,pin_general,서울특별시 노원구 동일로 1081 (공릉동),1522-3232
174,은행사거리,37.65048737,127.0759861,pin_general,"서울특별시 노원구 중계로 217, 중흥빌딩 103,203호 (중계동)",1522-3232
175,노원KT,37.654562,127.063617,pin_general,"서울특별시 노원구 노해로 502, (주)KT 노원사옥 (상계동)",1522-3232
176,광운대,37.6231479,127.06070090000003,pin_general,서울특별시 노원구 석계로 104 (월계동),1522-3232
177,중계역,37.64817,127.062244,pin_general,"서울특별시 노원구 동일로 1339, 대한빌딩 (상계동)",1522-3232
178,노원역,37.654751,127.060034,pin_general,서울특별시 노원구 동일로 1413 (상계동) 1층,1522-3232
179,월계이마트,37.627155,127.062094,pin_general,서울특별시 노원구 마들로3길 15 (월계동),1522-3232
180,태릉입구역DT,37.61942,127.07932,pin_generalDT,서울특별시 노원구 화랑로 469 (공릉동),1522-3232
181,노원상계,37.651535,127.061026,pin_general,서울특별시 노원구 동일로215길 2 (상계동),1522-3232
182,창동이마트,37.651645,127.046869,pin_general,서울특별시 도봉구 노해로65길 4 (창동),1522-3232
183,쌍문역,37.648456,127.034783,pin_general,서울특별시 도봉구 도봉로 480 (창동),1522-3232
184,도봉구청,37.6695034764443,127.04603799266,pin_general,서울특별시 도봉구 마들로 665 (도봉동),1522-3232
185,쌍문도봉로,37.6453516,127.0331011,pin_general,서울특별시 도봉구 도봉로 444 (창동),1522-3232
186,도봉로DT,37.6611805929041,127.041630065957,pin_generalDT,서울특별시 도봉구 도봉로 635 (쌍문동),1522-3232
187,방학역,37.6653125,127.0433125,pin_general,"서울특별시 도봉구 도봉로 684 (방학동)101,102,113,114,115호",1522-3232
188,창동역,37.6545021055909,127.049672533607,pin_general,서울특별시 도봉구 마들로13길 61 (창동),1522-3232
189,노량진동,37.513068,126.946537,pin_general,"서울특별시 동작구 노량진로 190 (노량진동, 고려교육타워-어바니엘한강) 101호~105호",1522-3232
190,남성역,37.4841198,126.9725739,pin_general,서울특별시 동작구 사당로 219 (사당동),1522-3232
191,상도역,37.5031936,126.9484581,pin_general,서울특별시 동작구 상도로37길 1 (상도1동),1522-3232
192,보라매공원R,37.49226212712864,126.92334570798292,pin_reserve,"서울특별시 동작구 보라매로5길 35 (신대방동, 파크스퀘어,보라매현대APT)",1522-3232
193,이수자이,37.484414,126.980047,pin_general,서울특별시 동작구 사당로 300 (사당동 이수자이),1522-3232
194,노량진역,37.51339,126.940879,pin_general,서울특별시 동작구 노량진로 134 (노량진동),1522-3232
195,신대방삼거리역,37.499914,126.931766,pin_general,서울특별시 동작구 상도로 102 (상도동),1522-3232
196,중앙대,37.506933,126.958125,pin_general,서울특별시 동작구 흑석로 75-1 (흑석동),1522-3232
197,숭실대입구역,37.4968346,126.95271230000003,pin_general,서울특별시 동작구 상도로 354 (상도동),1522-3232
198,숭실대,37.49538073,126.9548891,pin_general,서울특별시 동작구 사당로 4 (상도동),1522-3232
199,사당역,37.47849216,126.9813456,pin_general,"서울특별시 동작구 동작대로 21, 양지빌딩 1-3층 (사당동)",1522-3232
200,서강대프라자,37.551073,126.943096,pin_general,서울특별시 마포구 백범로 35 (신수동),1522-3232
201,상암YTN,37.579183,126.892315,pin_general,서울특별시 마포구 상암산로 76 (상암동),1522-3232
202,마포용강동,37.541186,126.942209,pin_general,서울특별시 마포구 토정로 295 (용강동),1522-3232
203,홍대입구역사거리R,37.554636,126.92036,pin_reserve,서울특별시 마포구 양화로 125 (서교동),1522-3232
204,마포경찰서후문,37.550800,126.953432,pin_general,서울특별시 마포구 마포대로 173-14 (아현동),1522-3232
205,공덕,37.545913,126.952956,pin_general,서울특별시 마포구 마포대로 130 (공덕동),1522-3232
206,합정폴리스R,37.5509,126.9134,pin_reserve,"서울특별시 마포구 양화로 45 (서교동, 메세나폴리스)",1522-3232
207,홍대공항철도역,37.557491,126.925146,pin_general,서울특별시 마포구 양화로 178 (동교동),1522-3232
208,마포염리,37.543876,126.94768,pin_general,서울특별시 마포구 독막로 311 (염리동),1522-3232
209,서강광흥창역,37.549377,126.931661,pin_general,서울특별시 마포구 서강로 69 (창전동),1522-3232
210,합정,37.54963,126.912999,pin_general,"서울특별시 마포구 월드컵로1길 14 (합정동) 마포한강푸르지오 110, 111, 112-2",1522-3232
211,서강대흥역,37.548178,126.941576,pin_general,서울특별시 마포구 백범로 89-5 (대흥동),1522-3232
212,서교동사거리,37.553376,126.918564,pin_general,서울특별시 마포구 양화로 105 (서교동),1522-3232
213,상암사보이시티,37.58147,126.888983,pin_general,서울특별시 마포구 월드컵북로54길 17 (상암동),1522-3232
214,신촌오거리,37.555137,126.934694,pin_general,서울특별시 마포구 신촌로16길 10 (노고산동),1522-3232
215,상암디지털큐브,37.5763132,126.8892477,pin_general,서울특별시 마포구 상암산로 34,1522-3232
216,상수역,37.5474817,126.92321579999998,pin_general,서울특별시 마포구 독막로 88 (상수동),1522-3232
217,공덕오거리,37.5424641,126.95057730000008,pin_general,서울특별시 마포구 마포대로 86 (도화동) 창강빌딩,1522-3232
218,서강대,37.5524584,126.9378262,pin_general,서울특별시 마포구 백범로 23 (신수동),1522-3232
219,상암MBC,37.581297,126.890908,pin_general,서울특별시 마포구 성암로 267 (상암동),1522-3232
220,홍대역,37.557175,126.923654,pin_general,"서울특별시 마포구 양화로 165, 상진빌딩 1층 (동교동)",1522-3232
221,동교,37.556928,126.919819,pin_general,"서울특별시 마포구 월드컵북로 22, 영준빌딩 1층 (동교동)",1522-3232
222,애오개역,37.55218737,126.9555203,pin_general,"서울특별시 마포구 마포대로 201, 마포트라팰리스II (아현동)",1522-3232
223,상암DMC,37.577623,126.890684,pin_general,"서울특별시 마포구 월드컵북로 375, DMC이안오피스텔1단지 102호,202호 (상암동)",1522-3232
224,마포일진빌딩,37.54043451,126.9463168,pin_general,"서울특별시 마포구 마포대로 45, 일진빌딩 1층 (도화동)",1522-3232
225,마포아크로,37.54145556,126.948819,pin_general,서울특별시 마포구 마포대로 68 (도화동) 마포아크로타워,1522-3232
226,홍대삼거리,37.550266,126.923179,pin_general,서울특별시 마포구 와우산로 64 (상수동),1522-3232
227,망원역,37.555829,126.910637,pin_general,서울특별시 마포구 월드컵로 74 (서교동),1522-3232
228,마포이마트,37.542421,126.953341,pin_general,서울특별시 마포구 백범로 212 (신공덕동) 마포이마트,1522-3232
229,합정메세나몰,37.551004,126.913848,pin_general,"서울특별시 마포구 양화로 45 (서교동, 메세나폴리스)",1522-3232
230,아현역대로,37.557097,126.954834,pin_general,서울특별시 마포구 신촌로 262 (아현동),1522-3232
231,디지털미디어시티역,37.57609,126.89897,pin_general,서울특별시 마포구 성암로 179 (상암동),1522-3232
232,홍대역8번출구,37.556743503599,126.924166543608,pin_generalWT,서울특별시 마포구 양화로 166 (동교동),1522-3232
233,합정푸르지오,37.55109819950203,126.9123070691659,pin_general,"서울특별시 마포구 월드컵로3길 14 (합정동, 마포 한강 2차 푸르지오)",1522-3232
234,홍대동교,37.5583280533329,126.926246501876,pin_general,서울특별시 마포구 양화로 192 (동교동),1522-3232
235,망원한강공원,37.5545625,126.8956875,pin_general,서울특별시 마포구 마포나루길 435 (망원동),1522-3232
236,가재울뉴타운,37.5749841,126.9164441,pin_general,"서울특별시 서대문구 가재울미래로 2 (남가좌동, DMC파크뷰자이)",1522-3232
237,남가좌사거리,37.577386,126.920815,pin_general,"서울특별시 서대문구 거북골로 84 (남가좌동, DMC에코자이104동)",1522-3232
238,신촌역,37.556167,126.934673,pin_general,서울특별시 서대문구 신촌로 73 (창천동),1522-3232
239,연희동,37.566702,126.930475,pin_general,서울특별시 서대문구 연희로 97 (연희동),1522-3232
240,아현역,37.558421,126.956349,pin_general,"서울특별시 서대문구 신촌로35길 10 (북아현동, e편한세상신촌 4단지)",1522-3232
241,홍제역,37.588658,126.943864,pin_general,서울특별시 서대문구 통일로 451 (홍제동),1522-3232
242,연세백양로,37.562644,126.937529,pin_general,서울특별시 서대문구 연세로 50 (신촌동) 연세대학교,1522-3232
243,연희DT,37.5702143,126.9339777,pin_generalDT,서울특별시 서대문구 연희로 144 (연희동),1522-3232
244,경기대,37.56367995,126.9646045,pin_general,서울특별시 서대문구 충정로 53 (충정로2가),1522-3232
245,신촌,37.55648577,126.9371155,pin_general,서울특별시 서대문구 연세로 10-1 (창천동),1522-3232
246,이대R,37.55848315,126.9459643,pin_reserve,서울특별시 서대문구 이화여대길 34 (대현동),1522-3232
247,연세종합관,37.56177145,126.9414708,pin_general,"서울특별시 서대문구 연세로 50, 연세세브란스 종합관 (신촌동)",1522-3232
248,이대ECC,37.561631,126.94735,pin_general,서울특별시 서대문구 이화여대길 52 (대현동) 이화여자대학교 B415호,1522-3232
249,연대,37.558706,126.936727,pin_general,서울특별시 서대문구 연세로 35 (창천동),1522-3232
250,신촌아트레온,37.556505,126.940238,pin_general,서울특별시 서대문구 신촌로 129 (창천동),1522-3232
251,충정로역,37.56137,126.963219,pin_general,서울특별시 서대문구 충정로 23,1522-3232
252,연대동문,37.566385,126.946273,pin_general,서울특별시 서대문구 성산로 565 (대신동),1522-3232
253,신촌명물거리,37.557796,126.938095,pin_general,"서울특별시 서대문구 명물길 24, 1-5층 (창천동)",1522-3232
254,충정타워,37.559869,126.964110,pin_general,"서울특별시 서대문구 서소문로 21, 충정타워빌딩 1층 (충정로3가)",1522-3232
255,이대역,37.5570861,126.9462802,pin_general,서울특별시 서대문구 신촌로 183 (대현동),1522-3232
256,북가좌DT,37.580758,126.911478,pin_generalDT,서울특별시 서대문구 응암로 85 (북가좌동),1522-3232
257,현대신촌,37.5560830579515,126.935844876509,pin_general,서울특별시 서대문구 신촌로 83 (창천동),1522-3232
258,방배로,37.4793434,126.9994968,pin_general,서울특별시 서초구 방배로 52 (방배동),1522-3232
259,강남교보타워R,37.503789,127.024075,pin_reserve,서울특별시 서초구 강남대로 465 (서초동),1522-3232
260,방배다이치빌딩,37.484329,126.995872,pin_general,서울특별시 서초구 방배로 114 (방배동),1522-3232
261,센트럴F1,37.505148,127.004395,pin_general,서울특별시 서초구 신반포로 176 (반포동),1522-3232
262,서초역이화빌딩,37.487931,127.009126,pin_general,서울특별시 서초구 반포대로21길 3 (서초동),1522-3232
263,서초구청,37.484206,127.030103,pin_general,서울특별시 서초구 남부순환로 2557 (서초동),1522-3232
264,서초우성사거리,37.493545,127.02943,pin_general,서울특별시 서초구 강남대로 343 (서초동),1522-3232
265,이수역사거리,37.48585,126.983027,pin_general,"서울특별시 서초구 서초대로 3-4 (방배동, 방배디오슈페리움1)",1522-3232
266,강남대로신사,37.51489,127.019469,pin_general,서울특별시 서초구 강남대로 595 (잠원동),1522-3232
267,서울고속터미널,37.504406,127.005648,pin_general,서울특별시 서초구 신반포로 194 (반포동),1522-3232
268,방배,37.491914,126.99049739999998,pin_general,서울특별시 서초구 방배로 211,1522-3232
269,방배카페거리,37.4934767,126.9865297,pin_general,서울특별시 서초구 방배중앙로 162 (방배동),1522-3232
270,서초법원,37.492970,127.011875,pin_general,서울특별시 서초구 서초대로 274 (서초동),1522-3232
271,청계산입구역,37.447323,127.056250,pin_general,서울특별시 서초구 청계산로 203 (신원동),1522-3232
272,사당로데오,37.4772752,126.98216049999996,pin_general,서울특별시 서초구 방배천로 5-4(방배동),1522-3232
273,파미에파크R,37.5030521,127.004362,pin_reserve,서울특별시 서초구 사평대로 205 (반포동) CENTRALCITY,1522-3232
274,양재역,37.4820475,127.0367682,pin_reserve,서울특별시 서초구 강남대로 202 (양재동) 모산빌딩,1522-3232
275,논현역,37.5111983,127.0205875,pin_general,서울특별시 서초구 강남대로 557 (잠원동) 1~2층,1522-3232
276,이수역,37.4864664,126.98274029999993,pin_general,서울특별시 서초구 동작대로 112 (방배동),1522-3232
277,내방역,37.490004,126.992455,pin_general,서울특별시 서초구 방배로 184 (방배동) 대풍빌딩,1522-3232
278,서초파라곤,37.494941,127.027422,pin_general,서울특별시 서초구 서초대로74길 29 (서초동) 서초파라곤,1522-3232
279,서울아트센터,37.480866,127.012368,pin_general,서울특별시 서초구 남부순환로 2395 (서초동) 호경빌딩,1522-3232
280,서초중앙로,37.501691,127.01152,pin_general,서울특별시 서초구 서초중앙로 225,1522-3232
281,센트럴시티,37.504707,127.004459,pin_general,서울특별시 서초구 신반포로 176 (반포동),1522-3232
282,강남삼성타운,37.49562035,127.0277144,pin_general,서울특별시 서초구 서초대로78길 24 (서초동),1522-3232
283,방배역,37.48200755,126.9976438,pin_general,서울특별시 서초구 방배로 84 (방배동),1522-3232
284,반포역,37.508589,127.011959,pin_general,서울특별시 서초구 신반포로 257 (잠원동) 신반포11차상가,1522-3232
285,남부터미널,37.48467334,127.0169464,pin_general,"서울특별시 서초구 서초중앙로 26, 래미안서초유니빌 1층 101호 (서초동)",1522-3232
286,뉴코아강남,37.51031339,127.0069582,pin_general,서울특별시 서초구 잠원로 69 (잠원동) 킴스클럽,1522-3232
287,강남서초초교,37.5000875,127.02549090000002,pin_general,"서울특별시 서초구 서초대로77길 27, 유빌딩 1,2층 (서초동)",1522-3232
288,교대,37.4923611,127.0142207,pin_general,서울특별시 서초구 서초중앙로 118 (서초동),1522-3232
289,하이브랜드,37.46330766,127.0368447,pin_general,"서울특별시 서초구 매헌로 16, 리빙관 101호 (양재동)",1522-3232
290,신논현역,37.50529,127.023636,pin_general,서울특별시 서초구 강남대로 483 (반포동) 청호빌딩,1522-3232
291,영동2교,37.48203954,127.0425748,pin_general,"서울특별시 서초구 논현로 139, 대흥빌딩 (양재동)",1522-3232
292,남부터미널역5번출구,37.48436736,127.0142192,pin_general,서울특별시 서초구 효령로 274 (서초동),1522-3232
293,서래마을입구,37.49925284,126.9984801,pin_general,서울특별시 서초구 서래로 48 (반포동),1522-3232
294,몬테소리,37.4982695,127.026865,pin_general,서울특별시 서초구 강남대로 399 (서초동),1522-3232
295,서초역,37.49067495,127.0086118,pin_general,서울특별시 서초구 반포대로 118 (서초동),1522-3232
296,교대법원,37.496329,127.013336,pin_general,서울특별시 서초구 서초중앙로 164 (서초동),1522-3232
297,강남GT타워,37.498056,127.02583300000003,pin_general,"서울특별시 서초구 서초대로 411, GT타워 (서초동)",1522-3232
298,서초동,37.485941,127.021525,pin_general,"서울특별시 서초구 남부순환로339길 64, 현우빌딩 1층 (서초동)",1522-3232
299,서울교대,37.487397,127.015134,pin_general,"서울특별시 서초구 서초중앙로 64, 1층 (서초동)",1522-3232
300,강남에비뉴,37.5027,127.023894,pin_general,"서울특별시 서초구 서초대로77길 62, 강남역아이파크 B102~B105 (서초동)",1522-3232
301,반포자이,37.507170475349405,127.0099189083483,pin_general,서울특별시 서초구 잠원로 24 (반포동),1522-3232
302,강남역우송빌딩,37.4981314601413,127.02527908458,pin_general,서울특별시 서초구 서초대로73길 7 (서초동),1522-3232
303,서이초교사거리,37.4918146,127.0252252,pin_general,서울특별시 서초구 사임당로 143 (서초동),1522-3232
304,서울웨이브아트센터,37.518807,127.00704,pin_general,서울특별시 서초구 잠원로 145-35 (잠원동),1522-3232
305,길음역,37.602139,127.025271,pin_general,서울특별시 성북구 정릉로 376 (돈암동),1522-3232
306,미아이마트,37.610678,127.029921,pin_general,서울특별시 성북구 도봉로 17 (길음동),1522-3232
307,종암DT,37.5919525,127.0360401,pin_generalDT,서울특별시 성북구 종암로 17 (종암동),1522-3232
308,미아,37.607581,127.029303,pin_general,서울특별시 성북구 동소문로 314 (하월곡동),1522-3232
309,성신여대정문,37.590910,127.018800,pin_general,서울특별시 성북구 보문로34길 62 (동선동2가),1522-3232
310,종암,37.601095,127.033847,pin_general,서울특별시 성북구 종암로 122 (종암동),1522-3232
311,삼선교,37.588696,127.00732070000003,pin_general,서울특별시 성북구 동소문로 10 (동소문동2가),1522-3232
312,월곡역,37.601718,127.040446,pin_general,"서울특별시 성북구 화랑로 76, 101-1호 (하월곡동)",1522-3232
313,고대,37.58397192,127.0297352,pin_general,서울특별시 성북구 고려대로24길 51 (안암동5가),1522-3232
314,현대미아,37.60837822,127.0287483,pin_general,서울특별시 성북구 동소문로 315 (길음동) 지하1층,1522-3232
315,성신여대,37.593135,127.018379,pin_general,서울특별시 성북구 동소문로24길 12 (동선동1가),1522-3232
316,안암역,37.586319,127.030556,pin_general,서울특별시 성북구 고려대로 102-2 (안암동5가),1522-3232
317,한성대입구역,37.589054,127.004839,pin_general,서울특별시 성북구 성북로 11 (성북동1가),1522-3232
318,고대안암병원,37.58687889805418,127.02820333331364,pin_general,서울특별시 성북구 고려대로 73 (안암동5가),1522-3232
319,장위뉴타운,37.6179568965998,127.051535709778,pin_general,서울특별시 성북구 장월로38길 4 (장위동),1522-3232
320,송파나루역DT,37.510793,127.1102658,pin_generalDT,서울특별시 송파구 오금로 142 (송파동),1522-3232
321,송파헬리오시티,37.4978563,127.1031325,pin_general,"서울특별시 송파구 송파대로 345 (가락동, 헬리오시티)",1522-3232
322,잠실시그마타워,37.514567,127.102493,pin_general,서울특별시 송파구 올림픽로 289 (신천동),1522-3232
323,문정법원로R,37.487447,127.119164,pin_reserve,서울특별시 송파구 송파대로 201 (문정동),1522-3232
324,송파개롱역,37.496956,127.13652,pin_general,서울특별시 송파구 오금로 420 (가락동),1522-3232
325,문정하비오,37.481925,127.123446,pin_general,"서울특별시 송파구 송파대로 111 (문정동, 파크하비오) 204동 104호~107호",1522-3232
326,문정역,37.484813,127.122237,pin_general,"서울특별시 송파구 송파대로 167 (문정동)테라타워 B동 137호~139호,204호",1522-3232
327,잠실대교남단R,37.515511,127.099006,pin_reserve,서울특별시 송파구 송파대로 570 타워 730 1층,1522-3232
328,송파위례,37.478264,127.144067,pin_general,"서울특별시 송파구 위례광장로 230 (장지동, 위례2차아이파크)",1522-3232
329,송파방이DT,37.506564,127.120495,pin_generalDT,서울특별시 송파구 오금로 241 (방이동),1522-3232
330,올림픽평화의문,37.5156426,127.11648190000005,pin_general,서울특별시 송파구 위례성대로 38 (방이동) 해태그린피아빌라트,1522-3232
331,송파아이파크,37.479892,127.122379,pin_general,서울특별시 송파구 법원로 55 (문정동),1522-3232
332,송파사거리,37.5022788,127.1103904,pin_general,서울특별시 송파구 송파대로 386 (송파동),1522-3232
333,석촌서호,37.5063929,127.0964684,pin_general,서울특별시 송파구 석촌호수로 176 (삼전동),1522-3232
334,문정로데오,37.491905,127.1262696,pin_general,서울특별시 송파구 동남로 141 (가락동),1522-3232
335,올림픽훼미리,37.491626,127.116308,pin_general,서울특별시 송파구 중대로 68 (문정동),1522-3232
336,올림픽공원남문,37.5133,127.123113,pin_general,서울특별시 송파구 위례성대로 102 (방이동),1522-3232
337,방이역,37.508666,127.126569,pin_general,"서울특별시 송파구 마천로 53, 1~2층 (오금동)",1522-3232
338,석촌호수,37.509581,127.104993,pin_general,서울특별시 송파구 석촌호수로 262 (송파동),1522-3232
339,잠실푸르지오월드,37.517649,127.103426,pin_general,"서울특별시 송파구 올림픽로35가길 9, 잠실푸르지오월드마크 1층 (신천동)",1522-3232
340,잠실새내역,37.511679,127.081062,pin_general,서울특별시 송파구 올림픽로 96 (잠실동),1522-3232
341,잠실역,37.515272,127.099231,pin_general,"서울특별시 송파구 송파대로 562 (신천동, 웰리스타워,삼성웰리스아파트) 1층,2층",1522-3232
342,갤러리아팰리스,37.51108365,127.0938059,pin_general,"서울특별시 송파구 올림픽로 212, 갤러리아 팰리스 (잠실동)",1522-3232
343,아시아선수촌,37.51059,127.079047,pin_general,서울특별시 송파구 백제고분로 69 (잠실동),1522-3232
344,올림픽아파트,37.515315,127.133237,pin_general,서울특별시 송파구 양재대로 1220 (방이동),1522-3232
345,가락본동,37.494895,127.118785,pin_general,서울특별시 송파구 송파대로30길 13 (가락동),1522-3232
346,석촌역,37.5042626,127.10610769999994,pin_general,"서울특별시 송파구 백제고분로 358, 1층 (석촌동)",1522-3232
347,가락시장역,37.494299,127.121354,pin_general,"서울특별시 송파구 중대로 121, 롯데캐슬 파인힐 1층 (가락동)",1522-3232
348,가든파이브,37.4782316,127.11937030000001,pin_general,서울특별시 송파구 충민로 10 (문정동) 가든파이브툴,1522-3232
349,잠실본동,37.5086445885442,127.07949103207,pin_general,"서울특별시 송파구 백제고분로 91 (잠실동), 1층",1522-3232
350,송파NC,37.4778761,127.12567478,pin_general,서울특별시 송파구 충민로 66 (문정동)  가든파이브라이프 패션관1층,1522-3232
351,송파거여역,37.4936489571568,127.143698688888,pin_general,서울특별시 송파구 오금로 493 (거여동),1522-3232
352,몽촌토성역,37.516913,127.113127,pin_general,서울특별시 송파구 위례성대로 6 (방이동),1522-3232
353,송파KT,37.5139991,127.1063026,pin_general,"서울특별시 송파구 잠실로 209 (신천동), 오피스빌딩 1층 2~4호",1522-3232
354,문정법조타운 한양타워,37.4859909162854,127.117921831574,pin_general,서울특별시 송파구 법원로11길 12 (문정동),1522-3232
355,송파마천사거리DT,37.499829,127.147672,pin_generalDT,서울특별시 송파구 거마로 78 (마천동),1522-3232
356,목동파리공원,37.535336,126.878852,pin_general,서울특별시 양천구 목동동로 377 (목동),1522-3232
357,등촌역,37.548884,126.86807,pin_general,서울특별시 양천구 공항대로 566 (목동) 1층 2층,1522-3232
358,목동행복한,37.529147,126.876099,pin_general,서울특별시 양천구 목동동로 309 (목동),1522-3232
359,신정DT,37.521993,126.858865,pin_generalDT,서울특별시 양천구 신월로 341 (신정동),1522-3232
360,목동역,37.526684,126.863986,pin_general,서울특별시 양천구 목동로 203 (신정동) 1층일부,1522-3232
361,목동오목로,37.525923,126.868438,pin_general,"서울특별시 양천구 오목로 279 (목동) 102,103,104,105호",1522-3232
362,목동8단지,37.520518,126.868841,pin_general,서울특별시 양천구 목동서로 299 (신정동),1522-3232
363,오목교역,37.5235882,126.87652120000007,pin_general,서울특별시 양천구 오목로 354 (목동),1522-3232
364,신월IC DT,37.5294984,126.831983,pin_generalDT,서울특별시 양천구 남부순환로 430 (신월동),1522-3232
365,목동7단지,37.528012,126.87053,pin_general,서울특별시 양천구 목동서로 213 (목동) 세신비젼프라자,1522-3232
366,목동5단지,37.536706,126.88212,pin_general,"서울특별시 양천구 목동동로 411, 1동 116호(목동, 부영그린타운3차)",1522-3232
367,목동,37.53638383,126.8785597,pin_general,서울특별시 양천구 목동서로 67 (목동) 우성에펠타운,1522-3232
368,현대목동,37.526848,126.875023,pin_general,"서울특별시 양천구 목동동로 257 (목동, 현대하이페리온) 지하2층",1522-3232
369,목동SBS,37.52896162444895,126.87363009594163,pin_general,"서울특별시 양천구 목동서로 161 (목동), 1/2층 일부",1522-3232
370,목동트라팰리스,37.5255,126.8702,pin_general,서울특별시 양천구 오목로 299 (목동),1522-3232
371,목동10단지,37.515425616177,126.859603067999,pin_general,"서울특별시 양천구 목동서로 401 (신정동, 대림아크로빌), 상가A동 101,101-1호",1522-3232
372,신월동DT,37.5382923530559,126.827101409243,pin_generalDT,서울특별시 양천구 남부순환로 319 (신월동),1522-3232
373,타임스퀘어R,37.51755,126.90516,pin_reserve,서울특별시 영등포구 영중로 15 지하 1층 (영등포동4가),1522-3232
374,샛강역,37.5183551,126.9312716,pin_general,서울특별시 영등포구 여의대방로 376 (여의도동),1522-3232
375,영등포역,37.5169614,126.9091390,pin_general,서울특별시 영등포구 경인로 870 (영등포동1가),1522-3232
376,당산대로,37.533121,126.903804,pin_general,서울특별시 영등포구 양평로 22 (당산동6가),1522-3232
377,여의도IFC몰(L1)R,37.525127,126.925508,pin_reserve,서울특별시 영등포구 국제금융로 10 (여의도동)  지하1층 178호,1522-3232
378,여의도KBS R,37.526596,126.918456,pin_reserve,서울특별시 영등포구 의사당대로 26 (여의도동),1522-3232
379,여의도화재보험,37.521345,126.926004,pin_general,서울특별시 영등포구 국제금융로6길 38 (여의도동),1522-3232
380,국회대로,37.53026,126.919549,pin_general,서울특별시 영등포구 국회대로 786 (여의도동),1522-3232
381,영등포KT,37.526419,126.905314,pin_general,서울특별시 영등포구 영중로 119 (영등포동8가),1522-3232
382,여의도공원R,37.529231,126.924872,pin_reserve,서울특별시 영등포구 여의공원로 101 (여의도동),1522-3232
383,국회의사당역,37.527831,126.916882,pin_general,서울특별시 영등포구 의사당대로 8 (여의도동),1522-3232
384,여의도역R,37.523328,126.923439,pin_reserve,서울특별시 영등포구 의사당대로 83 (여의도동) 1층,1522-3232
385,선유동이레빌딩,37.534109,126.896912,pin_general,서울특별시 영등포구 선유동2로 57 (양평제1동) 이레빌딩,1522-3232
386,동여의도,37.5199494,126.9317957,pin_general,서울특별시 영등포구 국제금융로 86 (여의도동) 롯데캐슬 아이비,1522-3232
387,여의도ABL타워,37.518749,126.92779,pin_general,서울특별시 영등포구 의사당대로 147 (여의도동) 알리안츠타워,1522-3232
388,영등포신길,37.504566,126.910073,pin_general,"서울특별시 영등포구 신길로 137 (신길동) 1,2층",1522-3232
389,문래역,37.517446,126.895258,pin_general,서울특별시 영등포구 당산로 34 (문래동3가),1522-3232
390,당산,37.535164,126.899942,pin_general,서울특별시 영등포구 양평로 64 (당산동6가),1522-3232
391,여의도한양증권,37.522418,126.929093,pin_general,서울특별시 영등포구 국제금융로6길 7 (여의도동) 한양증권,1522-3232
392,여의도일신,37.528,126.920103,pin_general,서울특별시 영등포구 은행로 11 (여의도동) 1층 1부,1522-3232
393,신세계타임스퀘어B2,37.517162,126.905608,pin_general,"서울특별시 영등포구 영중로 9, 신세계타임스퀘어점 리빙관 지하2층 (영등포동4가)",1522-3232
394,하이테크시티,37.51467062,126.8986474,pin_general,서울특별시 영등포구 경인로 775 (문래동3가) 에이스하이테크시티,1522-3232
395,여의도,37.52403519,126.9245179,pin_general,서울특별시 영등포구 국제금융로2길 28 (여의도동),1522-3232
396,롯데캐슬여의도,37.52025214,126.9263678,pin_general,"서울특별시 영등포구 의사당대로 127 (여의도동, 롯데캐슬엠파이어) 1층 104호",1522-3232
397,문래동,37.519602,126.889652,pin_general,"서울특별시 영등포구 선유로 64, 대창타운빌 1층 (문래동3가)",1522-3232
398,신세계타임스퀘어1F,37.517162,126.905608,pin_general,"서울특별시 영등포구 영중로 9, 신세계백화점 리빙관 1층 (영등포동4가)",1522-3232
399,여의도호성,37.520176,126.929426,pin_general,"서울특별시 영등포구 여의대방로65길 24, 호성빌딩 1층 (여의도동)",1522-3232
400,타임스퀘어B2,37.516985,126.903387,pin_general,"서울특별시 영등포구 영중로 15, 지하2층 (영등포동4가)",1522-3232
401,영등포본동,37.518713,126.909559,pin_general,서울특별시 영등포구 영등포로 254 (영등포동3가),1522-3232
402,타임스퀘어2F,37.516985,126.903387,pin_general,서울특별시 영등포구 영중로 15 지상2층 (영등포동4가),1522-3232
403,여의도의사당,37.530023,126.92109,pin_general,서울특별시 영등포구 국회대로74길 12 (여의도동),1522-3232
404,여의도IFC(1F),37.525273,126.924668,pin_general,서울특별시 영등포구 국제금융로 10 (여의도동),1522-3232
405,여의도신한투자증권타워,37.52498,126.92414,pin_general,서울특별시 영등포구 여의대로 70 (여의도동),1522-3232
406,선유도역 1번출구,37.538333,126.893612,pin_general,서울특별시 영등포구 양평로 128 (양평동5가)양평로 128,1522-3232
407,영등포시장역,37.523475,126.904907,pin_general,서울특별시 영등포구 영중로 79 (영등포동7가),1522-3232
408,영등포구청역,37.52789,126.89608,pin_general,서울특별시 영등포구 국회대로 558 ,1522-3232
409,서울양평역,37.523128,126.885809,pin_general,"서울특별시 영등포구 선유서로24길 6 (양평동1가, 영등포 중흥 S-CLASS)",1522-3232
410,영등포시장교차로,37.5204239,126.904446,pin_general,서울특별시 영등포구 영중로 45 (영등포동6가),1522-3232
411,더현대서울(B2)R,37.5264,126.92877,pin_reserve,서울특별시 영등포구 여의대로 108 (여의도동),1522-3232
412,당산역사거리,37.533984,126.901156,pin_general,서울특별시 영등포구 양평로 47 (당산동5가),1522-3232
413,신풍역,37.5003469620528,126.908438384002,pin_general,서울특별시 영등포구 신풍로 23 (신길동),1522-3232
414,불광역,37.609382,126.9303971,pin_general,서울특별시 은평구 통일로 715 (대조동),1522-3232
415,구파발사거리,37.639617,126.91881,pin_general,서울특별시 은평구 진관3로 21 은평엘크루 101동 105-108호,1522-3232
416,연신내역사거리,37.61862,126.922062,pin_general,서울특별시 은평구 통일로 842 (불광동),1522-3232
417,연신내,37.620417,126.919913,pin_general,서울특별시 은평구 통일로 867 (갈현동),1522-3232
418,구파발역,37.63446,126.918881,pin_general,서울특별시 은평구 진관2로 12,1522-3232
419,은평구청입구,37.601042,126.926789,pin_general,서울특별시 은평구 은평로 170 (응암동),1522-3232
420,은평이마트,37.60037923,126.9202735,pin_general,서울특별시 은평구 은평로 111 (응암동),1522-3232
421,구산역,37.611745,126.917678,pin_general,서울특별시 은평구 연서로 146 (대조동),1522-3232
422,불광역8번출구,37.61199,126.9289,pin_general,서울특별시 은평구 통일로 746 (불광동),1522-3232
423,수색,37.580028056228564,126.89959357216976,pin_general,서울특별시 은평구 수색로 216 (수색동),1522-3232
424,새절역,37.5894266730207,126.912863456524,pin_general,서울특별시 은평구 증산로 371 (신사동),1522-3232
425,더북한산,37.6554576593266,126.947556374345,pin_general,서울특별시 은평구 대서문길 24-11 (진관동),1522-3232
426,녹번역,37.603307621312325,126.93528567756574,pin_general,"서울특별시 은평구 통일로 636 (녹번동) 110,111,112,113,114,115호",1522-3232
427,진관DT,37.6501787,126.9361968,pin_generalDT,서울특별시 은평구 연서로 645 (진관동),1522-3232
428,연합뉴스,37.5743289,126.9804590000005,pin_general,서울특별시 종로구 율곡로2길 25 (수송동),1522-3232
429,혜화역,37.5824779,127.0021850,pin_general,서울특별시 종로구 대학로12길 4 (동숭동)1~2층,1522-3232
430,경희궁로,37.571759,126.972343,pin_general,서울특별시 종로구 새문안로3길 15 (당주동),1522-3232
431,강북삼성병원,37.568546,126.967560,pin_general,서울특별시 종로구 새문안로 29 (평동),1522-3232
432,종로평창동,37.606149,126.967213,pin_general,서울특별시 종로구 평창12길 3 (평창동),1522-3232
433,광화문우체국,37.569854,126.978083,pin_general,서울특별시 종로구 종로 6 (서린동),1522-3232
434,종로R,37.570804,126.983494,pin_reserve,서울특별시 종로구 종로 51 (종로2가),1522-3232
435,독립문역,37.571432,126.961269,pin_general,서울특별시 종로구 송월길 155 경희궁자이 4단지 1층 팰리스애비뉴 4114~4119호,1522-3232
436,정부서울청사R,37.574411,126.973571,pin_reserve,서울특별시 종로구 새문안로5가길 28 (적선동),1522-3232
437,종로구청,37.572662,126.981138,pin_general,서울특별시 종로구 삼봉로 71 (수송동),1522-3232
438,북촌로,37.579462,126.986431,pin_general,서울특별시 종로구 북촌로4길 23 (계동),1522-3232
439,종로수송,37.5714931,126.9807831,pin_general,서울특별시 종로구 종로5길 30 (청진동) 1~3층,1522-3232
440,새문안로,37.5696597,126.9748903,pin_general,서울특별시 종로구 새문안로 92 (신문로1가) 광화문오피시아빌딩,1522-3232
441,안국,37.577338,126.985635,pin_general,서울특별시 종로구 북촌로 5-1 (재동),1522-3232
442,삼청동,37.585381,126.9817512,pin_general,서울특별시 종로구 삼청로 111-1 (삼청동),1522-3232
443,광화문D타워,37.5714,126.9788297,pin_general,서울특별시 종로구 종로3길 17 (청진동) D타워,1522-3232
444,적선,37.57520431,126.9739361,pin_general,"서울특별시 종로구 새문안로5길 55, 노스게이트빌딩 1층 (적선동)",1522-3232
445,인사,37.5721293,126.98703490000002,pin_general,서울특별시 종로구 인사동길 14 (인사동),1522-3232
446,광화문,37.5712293,126.9762872,pin_generalWT,서울특별시 종로구 세종대로 167 (세종로),1522-3232
447,성대입구,37.582892,126.998392,pin_general,서울특별시 종로구 창경궁로 235 (명륜3가),1522-3232
448,스페이스본,37.57532212,126.9692494,pin_general,서울특별시 종로구 사직로8길 4 (사직동) 광화문 풍림스페이스본,1522-3232
449,주얼리시티,37.57154914,126.998705,pin_general,서울특별시 종로구 종로 183 (인의동) 효성주얼리시티,1522-3232
450,종각,37.5699183,126.98452810000003,pin_general,서울특별시 종로구 종로 64 (종로2가),1522-3232
451,동숭로아트,37.582969,127.003876,pin_general,서울특별시 종로구 동숭길 110 (동숭동),1522-3232
452,종로관철,37.569058,126.986013,pin_general,"서울특별시 종로구 종로12길 21, 2층 (관철동)",1522-3232
453,경복궁역,37.5771508,126.97274530000004,pin_general,"서울특별시 종로구 자하문로4길 6, 1층 (통의동)",1522-3232
454,이마빌딩,37.5738637,126.97897149999994,pin_general,서울특별시 종로구 종로1길 42 (수송동),1522-3232
455,마로니에공원,37.58154296,127.0023412,pin_general,"서울특별시 종로구 대학로 116, 1-2층 (동숭동)",1522-3232
456,종로3가,37.5705527,126.9902055,pin_general,"서울특별시 종로구 종로 113-1, 1-4층 (종로3가)",1522-3232
457,대학로,37.576509,127.001449,pin_general,"서울특별시 종로구 대학로 57, 홍익대학교 대학로캠퍼스 內 (연건동)",1522-3232
458,경복궁사거리,37.575578,126.980581,pin_general,"서울특별시 종로구 율곡로 6, B동 101호(중학동, 트윈트리타워)",1522-3232
459,종로관수,37.569385,126.988665,pin_general,서울특별시 종로구 삼일대로20길 13 (관수동),1522-3232
460,광화문교보문고,37.571017,126.977937,pin_general,서울특별시 종로구 종로 1 (종로1가),1522-3232
461,정동,37.568578,126.970067,pin_general,서울특별시 종로구 새문안로 42 (신문로2가),1522-3232
462,종로플레이스,37.57319,126.998309,pin_general,서울특별시 종로구 창경궁로 120 (인의동),1522-3232
463,강북삼성병원1층,37.568546,126.96756,pin_general,서울특별시 종로구 새문안로 29 (평동),1522-3232
464,동숭길입구,37.584236,127.002014,pin_general,서울특별시 종로구 대학로 146 (혜화동),1522-3232
465,서울대치과병원,37.57790,126.99965,pin_general,서울특별시 종로구 대학로 101 서울대학교 치과병원 신관1층,1522-3232
466,서대문역,37.56670,126.96629,pin_general,서울특별시 종로구 통일로 134 (평동),1522-3232
467,동묘앞역,37.572700,127.016072,pin_general,"서울특별시 종로구 종로 344 (숭인동, 대우디오빌) 101호 일부, 201호 일부",1522-3232
468,숭례문북창,37.561725,126.976838,pin_general,서울특별시 중구 세종대로12길 12 (남대문로4가),1522-3232
469,을지로4가역,37.566682,126.997285,pin_general,서울특별시 중구 을지로 170 (을지로4가),1522-3232
470,동대문두타,37.56892512604548,127.00878383484597,pin_general,서울특별시 중구 장충단로 275 (을지로6가),1522-3232
471,대한상공회의소R,37.560938,126.973702,pin_reserve,서울특별시 중구 세종대로 39 (남대문로4가) 1층,1522-3232
472,국립중앙의료원,37.5665160,127.0062376,pin_general,서울특별시 중구 을지로 251 (을지로6가),1522-3232
473,동국대,37.561542,126.998437,pin_general,서울특별시 중구 서애로 1길 11,1522-3232
474,신세계본점5F,37.560951,126.981134,pin_general,서울특별시 중구 소공로 63 (충무로1가),1522-3232
475,동대문공원,37.565133,127.007191,pin_general,서울특별시 중구 장충단로 229 (광희동1가),1522-3232
476,을지로국제빌딩,37.566952,126.982219,pin_general,서울특별시 중구 남대문로 109 (다동),1522-3232
477,동대입구역,37.559593,127.006142,pin_general,서울특별시 중구 장충단로 166 (장충동1가),1522-3232
478,신당역사거리,37.565807,127.016430,pin_general,서울특별시 중구 다산로 258 (흥인동),1522-3232
479,연세세브란스,37.557207,126.97354,pin_general,서울특별시 중구 통일로 10 (남대문로5가),1522-3232
480,회현역,37.5589809,126.98074670000005,pin_general,서울특별시 중구 퇴계로 72 (회현동) 리더스뷰남산,1522-3232
481,을지로경기빌딩,37.567172,126.983156,pin_general,서울특별시 중구 남대문로10길 9 (삼각동) 경기빌딩,1522-3232
482,을지로2가,37.566347,126.988066,pin_general,서울특별시 중구 삼일대로 358 (을지로2가),1522-3232
483,신세계본점6F,37.560381,126.980758,pin_general,서울특별시 중구 퇴계로 77 (충무로1가),1522-3232
484,서울중앙우체국,37.561678,126.982117,pin_general,서울특별시 중구 소공로 70 (충무로 1가) 서울 중앙 우체국,1522-3232
485,한국프레스센터,37.567381,126.977859,pin_general,서울특별시 중구 세종대로 124 (태평로1가),1522-3232
486,명동중앙로,37.5637485,126.9857723,pin_general,서울특별시 중구 명동길 60 (명동 2가),1522-3232
487,약수역,37.555437,127.0107253,pin_general,서울특별시 중구 다산로 129 (신당동),1522-3232
488,중구저동,37.5643686,126.9903382,pin_general,서울특별시 중구 수표로 34 (저동2가),1522-3232
489,명동길,37.5620695,126.9858669,pin_general,서울특별시 중구 명동10길 41,1522-3232
490,서소문로,37.563006,126.974546,pin_general,서울특별시 중구 서소문로 120 (서소문동) 대한빌딩,1522-3232
491,신당역,37.565522,127.014554,pin_general,"서울특별시 중구 퇴계로 385, 1층 (흥인동)",1522-3232
492,명동메트로,37.565118,126.983681,pin_general,서울특별시 중구 명동9가길 14 (을지로1가) 메트로호텔,1522-3232
493,숭례문,37.55874473,126.9730952,pin_general,"서울특별시 중구 세종대로 17, 와이즈타워 1층 (남대문로5가)",1522-3232
494,순화동더샵,37.560072,126.971931,pin_general,"서울특별시 중구 칠패로 27, 1층 (순화동)",1522-3232
495,대한극장,37.56105065,126.9952735,pin_general,"서울특별시 중구 퇴계로 212 (필동2가) 1,2층",1522-3232
496,환구단,37.564448,126.979157,pin_general,서울특별시 중구 소공로 112 (소공동),1522-3232
497,무교동,37.56781712,126.978738,pin_general,서울특별시 중구 무교로 21 (무교동) 코오롱빌딩 1층,1522-3232
498,문화일보,37.56712291,126.9686642,pin_general,서울특별시 중구 새문안로 22 (충정로1가) 문화일보,1522-3232
499,태평로,37.56248285,126.9767928,pin_general,"서울특별시 중구 세종대로 72, 대영빌딩 1층 (태평로2가)",1522-3232
500,퍼시픽타워,37.56132157,126.9730264,pin_general,"서울특별시 중구 세종대로9길 41, 퍼시픽타워 1층 (서소문동)",1522-3232
501,남산단암,37.55853622,126.9754585,pin_general,"서울특별시 중구 소월로 10, 단암빌딩 (남대문로5가)",1522-3232
502,황학캐슬,37.57124,127.022905,pin_general,서울특별시 중구 청계천로 400 (황학동) 롯데캐슬베네치아,1522-3232
503,을지로삼화타워,37.566902,126.984707,pin_general,서울특별시 중구 을지로5길 16 (을지로2가) 1층,1522-3232
504,소공로,37.5637273,126.98076809999998,pin_general,"서울특별시 중구 남대문로7길 19, 삼영빌딩 1층 일부 (소공동)",1522-3232
505,을지로한국빌딩,37.565722,126.98329,pin_general,"서울특별시 중구 을지로 50, 1층 (을지로 2가)",1522-3232
506,시청,37.56629,126.979808,pin_general,"서울특별시 중구 을지로 19, 삼성화재삼성빌딩 1층 (을지로1가)",1522-3232
507,명동역,37.56102,126.98312,pin_general,"서울특별시 중구 퇴계로 101, 건물 전체 (충무로 1가)",1522-3232
508,명동입구,37.563319,126.982242,pin_general,서울특별시 중구 남대문로 68-1 (명동2가),1522-3232
509,충무로,37.5614959808102,126.992823097196,pin_general,서울특별시 중구 충무로 3 (필동1가),1522-3232
510,이마트타워,37.5607434636967,126.972528391958,pin_general,서울특별시 중구 세종대로7길 37 (순화동) 1층,1522-3232
511,동호로,37.553478403261,127.011305155237,pin_general,서울특별시 중구 동호로 171 (신당동),1522-3232
512,무교로,37.567399,126.978900,pin_general,서울특별시 중구 무교로 15 (무교동),1522-3232
513,청계크리스탈스퀘어,37.5679,126.98933,pin_general,서울특별시 중구 청계천로 106 (수표동),1522-3232
514,숭례문SG타워,37.5581293,126.9742637,pin_general,서울특별시 중구 세종대로 14 (남대문로5가),1522-3232
515,세종대로,37.568678,126.976493,pin_general,서울특별시 중구 세종대로 135-5 (태평로1가),1522-3232
516,동대문디자인플라자,37.56743,127.009758,pin_general,서울특별시 중구 을지로 281 (을지로7가) 디자인장터,1522-3232
517,별다방,37.5602013,126.9829327,pin_reserve,서울특별시 중구 퇴계로 100 (회현동2가),1522-3232
518,포포인츠명동,37.5657211,126.9893426,pin_general,서울특별시 중구 삼일대로10길 36 (저동2가),1522-3232
519,명동남산,37.560809,126.986397,pin_general,서울특별시 중구 퇴계로 132 (남산동3가),1522-3232
520,대우재단빌딩,37.556781,126.975081,pin_general,서울특별시 중구 퇴계로 18 (남대문로5가),1522-3232
521,명일역,37.552580,127.143799,pin_general,서울특별시 강동구 양재대로 1647 (명일동),1522-3232
522,강동구청DT,37.529437,127.123835,pin_generalDT,서울특별시 강동구 성내로 32 (성내동),1522-3232
523,강동암사DT,37.555054,127.130065,pin_generalDT,서울특별시 강동구 고덕로 43 (암사동),1522-3232
524,굽은다리역,37.545403,127.143101,pin_general,"서울특별시 강동구 양재대로 1568 (명일동, 원일타워)",1522-3232
525,강동역,37.536047,127.133086,pin_general,"서울특별시 강동구 천호대로 1089 (천호동, 강동 헤르셔)",1522-3232
526,둔촌동,37.522724,127.133943,pin_general,서울특별시 강동구 양재대로 1303 (성내동) 평원빌딩,1522-3232
527,천호로데오,37.5378069,127.12730940000006,pin_reserve,서울특별시 강동구 천호대로 1037 (천호동),1522-3232
528,천호이마트,37.538933,127.125214,pin_general,서울특별시 강동구 천호대로 1015-14 (천호동) 이마트별관,1522-3232
529,길동역,37.5387433,127.1399879,pin_general,서울특별시 강동구 양재대로 1487 (길동),1522-3232
530,상일동,37.5507989598659,127.174104292142,pin_general,"서울특별시 강동구 상일로10길 36, 1~2층 (상일동)",1522-3232
531,천호역,37.53795191,127.1245793,pin_general,"서울특별시 강동구 천호대로 1012, 태승빌딩 (성내동)",1522-3232
532,명일이마트,37.553991,127.155984,pin_general,서울특별시 강동구 동남로75길 5 (명일동) 명일이마트별관주차장,1522-3232
533,상일동역,37.55754181615496,127.17072672474717,pin_general,"서울특별시 강동구 고덕로 399 (고덕동, 고덕센트럴푸르지오)",1522-3232
534,천호사거리,37.539702,127.123542,pin_general,서울특별시 강동구 올림픽로 651 (천호동),1522-3232
535,강일역,37.55747468801038,127.17351070838722,pin_general,"서울특별시 강동구 고덕로 429 (강일동), 1층",1522-3232
536,올림픽공원북2문,37.5241832,127.1286775,pin_general,서울특별시 강동구 강동대로 199 (성내동),1522-3232
537,천호대로길동,37.534651,127.137210,pin_general,서울특별시 강동구 천호대로 1131 거산 유팰리스,1522-3232
538,신도림,37.505517,126.883953,pin_general,서울특별시 구로구 경인로 610 (신도림동),1522-3232
539,구로디지털타워,37.483432,126.89648,pin_general,서울특별시 구로구 디지털로32길 30 (구로동),1522-3232
540,오류동역,37.4962155,126.8448614,pin_general,서울특별시 구로구 경인로 216 (오류동),1522-3232
541,구로디지털로,37.485911,126.895587,pin_general,"서울특별시 구로구 디지털로33길 11, 에이스테크노8차 1층 (구로동)",1522-3232
542,구로에이스,37.48448329,126.8944957,pin_general,"서울특별시 구로구 디지털로 285, 에이스트윈타워1차 103호 (구로동)",1522-3232
543,구로하이엔드,37.481618,126.893136,pin_general,"서울특별시 구로구 디지털로26길 5, 에이스하이엔드타워1차 103호 (구로동)",1522-3232
544,현대디큐브2F,37.508636,126.889225,pin_general,서울특별시 구로구 경인로 662 (신도림동),1522-3232
545,구로호텔,37.4831293,126.89885909999998,pin_general,"서울특별시 구로구 디지털로32길 72, 구로호텔 1층 (구로동)",1522-3232
546,현대디큐브B2,37.508828,126.889488,pin_general,서울특별시 구로구 경인로 662 (신도림동),1522-3232
547,구로고척,37.49706,126.86315,pin_general,서울특별시 구로구 경인로 387 (고척동),1522-3232
548,구로NC,37.501219,126.882798,pin_general,서울특별시 구로구 구로중앙로 152 (구로동) 구로NC,1522-3232
549,구로오류DT,37.4881292318832,126.834491889841,pin_generalDT,서울특별시 구로구 서해안로 2233 (오류동),1522-3232
550,구로구청,37.49395067031256,126.88676120707717,pin_general,"서울특별시 구로구 가마산로 232 (구로동, 스페스큐브), B101호",1522-3232
551,고척아이파크,37.49930562934076,126.8582208923581,pin_general,"서울특별시 구로구 경인로43길 49 (고척동, 고척아이파크), 1층 D-101호",1522-3232
552,답십리역,37.568466,127.051106,pin_general,서울특별시 동대문구 천호대로 263 (답십리동),1522-3232
553,경희대삼거리,37.591531,127.052017,pin_general,서울특별시 동대문구 회기로 141 (회기동),1522-3232
554,외대정문,37.5953464,127.0590302,pin_general,서울특별시 동대문구 이문로 93 (이문동),1522-3232
555,신설동역,37.5767228,127.0255446,pin_general,서울특별시 동대문구 왕산로 19 (신설동),1522-3232
556,회기역사거리,37.590784,127.056098,pin_general,서울특별시 동대문구 이문로 37 (회기동),1522-3232
557,외대,37.59575188,127.0614002,pin_general,서울특별시 동대문구 휘경로 12-1 (이문동),1522-3232
558,장한평역,37.562337,127.065511,pin_general,서울특별시 동대문구 장한로 10 (장안동),1522-3232
559,경희대,37.5928812,127.05280849999997,pin_general,서울특별시 동대문구 경희대로 16-1 (회기동),1522-3232
560,청량리역롯데캐슬스카이,37.579201572803626,127.04541391086886,pin_general,"서울특별시 동대문구 답십리로 27 (전농동, 청량리역 롯데캐슬 SKY-L65)",1522-3232
561,경동1960,37.5796141021494,127.038684963773,pin_general,서울특별시 동대문구 고산자로36길 3 (제기동),1522-3232
562,청량리역사,37.57945,127.04785,pin_general,서울특별시 동대문구 왕산로 214 (전농동) 청량리역사 Connect Place6층,1522-3232
563,답십리초교사거리,37.5682540295405,127.057240883237,pin_general,서울특별시 동대문구 전농로 38 (답십리동),1522-3232
564,장안사거리,37.5727209002351,127.070092668638,pin_general,서울특별시 동대문구 답십리로 267 (장안동),1522-3232
565,서울숲역,37.542075,127.044961,pin_general,서울특별시 성동구 왕십리로 50 (성수동1가) 1층,1522-3232
566,금호역,37.5479939,127.0153343,pin_general,서울특별시 성동구 동호로 99 (금호동4가),1522-3232
567,뚝섬역,37.546432,127.049042,pin_general,서울특별시 성동구 아차산로 42 (성수동1가),1522-3232
568,황학사거리,37.567644,127.023697,pin_general,"서울특별시 성동구 왕십리로 410 (하왕십리동, 센트라스)",1522-3232
569,성수역,37.543193,127.056943,pin_general,서울특별시 성동구 성수이로 94 (성수동2가),1522-3232
570,상왕십리역,37.565169,127.027907,pin_general,서울특별시 성동구 왕십리로 382 (하왕십리동),1522-3232
571,왕십리역,37.5627541,127.0339072,pin_general,서울특별시 성동구 왕십리로 326 (도선동),1522-3232
572,한양대,37.55726984,127.0421649,pin_general,"서울특별시 성동구 왕십리로 225 (행당동) 1,2층",1522-3232
573,엔터식스,37.56175811,127.0383328,pin_general,서울특별시 성동구 왕십리광장로 17 (행당동),1522-3232
574,신금호역,37.5549672,127.0201447,pin_general,서울특별시 성동구 금호로 158-1 (금호동1가) 1~5층 전체,1522-3232
575,왕십리역9번출구,37.5605427226347,127.035267332652,pin_general,서울특별시 성동구 고산자로 234 (행당동),1522-3232
576,성수,37.5444620830457,127.055413311106,pin_general,서울특별시 성동구 아차산로 104 (성수동2가),1522-3232
577,옥수,37.5430298,127.0133661,pin_general,서울특별시 성동구 독서당로 202 (옥수동),1522-3232
578,성수낙낙,37.547326,127.066367,pin_general,서울특별시 성동구 광나루로8길 31 (성수동2가) 성수낙낙 1층 101~107호,1522-3232
579,효창공원앞역,37.539305,126.963060,pin_general,"서울특별시 용산구 백범로 313 (효창동, 용산 롯데캐슬 센터포레)",1522-3232
580,서울역서부,37.555165,126.968446,pin_general,서울특별시 용산구 만리재로 202 (서계동),1522-3232
581,이태원역,37.534273,126.994789,pin_general,서울특별시 용산구 이태원로 188 (이태원동),1522-3232
582,한강진역R,37.537131,127.00098,pin_reserve,서울특별시 용산구 이태원로 252 (한남동),1522-3232
583,용산역써밋R,37.527586,126.965401,pin_reserve,"서울특별시 용산구 한강대로 69 (한강로2가, 용산푸르지오써밋)",1522-3232
584,이촌,37.518605,126.977271,pin_general,서울특별시 용산구 이촌로 276 (이촌동),1522-3232
585,신용산역,37.528702,126.966757,pin_general,"서울특별시 용산구 한강대로 95 (한강로2가, 래미안용산)",1522-3232
586,용산파크타워,37.523818,126.970389,pin_general,"서울특별시 용산구 서빙고로 67 (용산동5가, 파크타워)",1522-3232
587,남영동,37.542831,126.972242,pin_general,서울특별시 용산구 한강대로 275 (갈월동),1522-3232
588,한남동R,37.53485,127.010919,pin_reserve,서울특별시 용산구 독서당로 94 (한남동),1522-3232
589,서울타워,37.551102,126.988317,pin_general,서울특별시 용산구 남산공원길 105 (용산동2가) YTN서울타워 1층,1522-3232
590,서울역동자동,37.551752,126.972694,pin_general,서울특별시 용산구 한강대로 372 (동자동),1522-3232
591,순천향입구,37.533394,127.00563,pin_general,서울특별시 용산구 대사관로 67 (한남동),1522-3232
592,숙대,37.54460479,126.9672252,pin_general,서울특별시 용산구 청파로47길 57 (청파동3가),1522-3232
593,동빙고,37.5289857,126.991782,pin_general,서울특별시 용산구 장문로 12 (동빙고동),1522-3232
594,숙대입구역,37.544118,126.971891,pin_general,서울특별시 용산구 한강대로 291 (갈월동),1522-3232
595,용산아이파크몰,37.5288539,126.96404469999993,pin_general,서울특별시 용산구 한강대로23길 55,1522-3232
596,동부이촌동,37.52111,126.96905,pin_general,서울특별시 용산구 이촌로 198 (이촌동),1522-3232
597,숙명여대정문,37.54474797,126.96484196,pin_general,서울특별시 용산구 청파로47길 100 (청파동2가) 프라임관B1F(로비층),1522-3232
598,용산해링턴스퀘어,37.5258562,126.9676442,pin_general,서울특별시 용산구 서빙고로 17 (한강로3가),1522-3232
599,경리단길,37.53854,126.98737,pin_general,서울특별시 용산구 회나무로 3 (이태원동),1522-3232
600,서울역사,37.55415699928705,126.97179361292846,pin_general,서울특별시 용산구 한강대로 405 (동자동) 신-101호,1522-3232
601,용산리첸시아,37.538571,126.967409,pin_general,"서울특별시 용산구 백범로 341 (원효로1가, 리첸시아 용산)",1522-3232
602,용산전자랜드,37.53286105987034,126.96100091132484,pin_general,서울특별시 용산구 청파로 74 (한강로3가),1522-3232
603,상봉,37.597842,127.092509,pin_general,"서울특별시 중랑구 상봉로 131 (상봉동, 상봉 듀오트리스 주상복합)",1522-3232
604,중랑역,37.5930326,127.07473579999998,pin_general,서울특별시 중랑구 망우로30길 3 (상봉동),1522-3232
605,중랑구청,37.60538908,127.0957558,pin_general,서울특별시 중랑구 신내로 72,1522-3232
606,사가정역,37.579594,127.087966,pin_general,서울특별시 중랑구 면목로 310,1522-3232
607,상봉역,37.59689,127.08647,pin_general,서울특별시 중랑구 망우로 307 (상봉동),1522-3232
608,묵동,37.615368,127.076633,pin_general,"서울특별시 중랑구 동일로 952 (묵동, 로프트원 태릉입구역) 1층",1522-3232
609,양원역,37.6066536267232,127.106359790053,pin_general,서울특별시 중랑구 양원역로10길 3 (망우동),1522-3232
610,중화역,37.60170912407773,127.07841136432036,pin_general,서울특별시 중랑구 봉화산로 35 1층,1522-3232
